---SFT---,
MeasureDate:,20250722_163039,
CWFi:,5,
CCWFi:,5,
CWfii:,5,
CCWfii:,4,
CWfl:,6,
CCWfl:,5,
CWfk:,1,
CCWfk:,1,
CWFiValue:,24.1,
CCWFiValue:,18.2,
CWfiiValue:,11.17,
CCWfiiValue:,7.68,
CWflValue:,23.12,
CCWflValue:,18.13,
CWfkValue:,2.83,
CCWfkValue:,2.54,
BacklashMeanValue:,96.52,
BacklashDiffValue:,16.06,
BacklashMaxValue:,102.97,
BacklashMinValue:,86.92,
CWTotalTime:,21.1226349,
CCWTotalTime:,21.1253035,
XAxisLocation:,28.256,
YAxisLocation:,35.258,
ZAxisLocation:,0,
XAxisRelLocation:,23.958,
YAxisRelLocation:,30.96,
ZAxisRelLocation:,0,
JudgeResult:,6,
,CWResultXArray,CWResultYArray,CCWResultXArray,CCWResultYArray,BacklashXArray,BacklashYArray,
SFT:,0.184,0.34906585039886595,0.397,-99.83283321407565,0.184,100.18189906447452,
SFT:,0.737,0.34906585039886595,0.954,-99.13470151327792,0.737,99.48376736367679,
SFT:,1.299,-0.3490658503988275,1.144,-99.13470151327792,1.299,98.78563566287909,
SFT:,1.856,-0.6981317007977319,1.703,-99.13470151327792,1.856,98.43656981248019,
SFT:,2.414,-1.3962634015954638,2.258,-99.13470151327792,2.414,97.73843811168246,
SFT:,2.973,-1.3962634015954638,2.819,-99.13470151327792,2.973,97.73843811168246,
SFT:,3.349,-1.7453292519944483,3.371,-99.13470151327792,3.349,97.38937226128347,
SFT:,3.918,-1.7453292519944483,3.925,-98.78563566287905,3.918,97.0403064108846,
SFT:,4.479,-2.0943951023932756,4.486,-98.43656981248019,4.479,96.34217471008691,
SFT:,4.652,-2.0943951023932756,4.86,-98.43656981248019,4.652,96.34217471008691,
SFT:,5.214,-2.443460952792257,5.407,-98.08750396208133,5.214,95.64404300928908,
SFT:,5.773,-2.094395102392965,5.96,-97.73843811168247,5.773,95.6440430092895,
SFT:,6.335,-2.4434609527919458,6.336,-97.73843811168247,6.335,95.29497715889052,
SFT:,6.894,-2.443460952792257,6.897,-97.04030641088474,6.894,94.59684545809249,
SFT:,7.453,-2.443460952792257,7.456,-97.04030641088474,7.453,94.59684545809249,
SFT:,7.838,-2.0943951023932756,7.637,-96.69124056048553,7.838,94.59684545809225,
SFT:,8.395,-2.4434609527919458,8.195,-96.69124056048585,8.395,94.2477796076939,
SFT:,8.944,-2.0943951023932756,8.742,-96.6912405604862,8.944,94.59684545809291,
SFT:,9.317,-2.0943951023932756,9.289,-96.342174710087,9.317,94.24777960769372,
SFT:,9.881,-2.4434609527919458,9.854,-95.99310885968778,9.881,93.54964790689583,
SFT:,10.439,-2.4434609527919458,10.402,-96.69124056048553,10.439,94.24777960769357,
SFT:,10.997,-2.4434609527919458,10.963,-97.04030641088437,10.997,94.59684545809242,
SFT:,11.172,-2.7925268031912416,11.35,-97.38937226128361,11.172,94.59684545809237,
SFT:,11.739,-2.7925268031912416,11.894,-98.43656981248019,11.739,95.64404300928895,
SFT:,12.294,-3.1415926535899112,12.459,-98.43656981248019,12.294,95.29497715889028,
SFT:,12.855,-2.7925268031912416,12.627,-98.43656981248019,12.855,95.64404300928895,
SFT:,13.408,-2.79252680319062,13.198,-98.43656981248019,13.408,95.64404300928956,
SFT:,13.969,-2.79252680319062,13.76,-99.13470151327756,13.969,96.34217471008694,
SFT:,14.344,-2.79252680319062,14.127,-99.48376736367678,14.344,96.69124056048615,
SFT:,14.893,-2.4434609527925675,14.672,-100.18189906447485,14.893,97.73843811168229,
SFT:,15.435,-2.0943951023932756,15.241,-100.53096491487335,15.435,98.43656981248007,
SFT:,15.992,-2.0943951023932756,15.795,-100.53096491487335,15.992,98.43656981248007,
SFT:,16.172,-2.0943951023932756,16.352,-100.53096491487335,16.172,98.43656981248007,
SFT:,16.924,-2.443460952791328,16.914,-101.22909661567216,16.924,98.78563566288084,
SFT:,17.487,-2.0943951023920366,17.469,-101.22909661567216,17.487,99.13470151328012,
SFT:,17.649,-1.7453292519952228,17.831,-100.88003076527156,17.649,99.13470151327633,
SFT:,18.201,-3.1415926535899112,18.397,-101.22909661567077,18.201,98.08750396208086,
SFT:,18.766,-3.8397243543872452,18.966,-101.22909661567216,18.766,97.38937226128492,
SFT:,19.323,-4.53785605518585,19.151,-101.57816246606997,19.323,97.04030641088411,
SFT:,19.875,-4.188790204786565,19.698,-101.57816246606997,19.875,97.3893722612834,
SFT:,20.428,-4.53785605518585,20.266,-101.57816246606893,20.428,97.04030641088308,
SFT:,20.989,-4.53785605518585,20.82,-101.57816246606997,20.989,97.04030641088411,
SFT:,21.363,-4.5378560551845935,21.377,-101.22909661567077,21.363,96.69124056048618,
SFT:,21.913,-4.188790204786565,21.931,-101.22909661567216,21.913,97.04030641088559,
SFT:,22.465,-4.886921905583878,22.482,-100.53096491487335,22.465,95.64404300928948,
SFT:,22.646,-4.886921905583878,22.856,-100.53096491487335,22.646,95.64404300928948,
SFT:,23.4,-4.5378560551845935,23.399,-100.18189906447554,23.4,95.64404300929095,
SFT:,23.962,-4.886921905583878,23.968,-100.18189906447415,23.962,95.29497715889028,
SFT:,24.148,-4.886921905583878,24.349,-100.18189906447415,24.148,95.29497715889028,
SFT:,24.697,-4.5378560551845935,24.907,-99.83283321407599,24.697,95.2949771588914,
SFT:,25.262,-4.886921905583878,25.455,-99.48376736367572,25.262,94.59684545809185,
SFT:,25.806,-4.188790204786565,25.639,-99.48376736367678,25.806,95.2949771588902,
SFT:,26.366,-4.5378560551845935,26.2,-99.83283321407494,26.366,95.29497715889035,
SFT:,26.928,-4.53785605518585,26.755,-99.83283321407494,26.928,95.29497715888908,
SFT:,27.484,-4.188790204786565,27.313,-98.78563566287835,27.484,94.59684545809178,
SFT:,27.868,-4.5378560551845935,27.87,-99.48376736367678,27.868,94.94591130849219,
SFT:,28.43,-5.235987755983199,28.4,-99.83283321407494,28.43,94.59684545809174,
SFT:,28.97,-4.886921905583878,28.97,-100.53096491487335,28.97,95.64404300928948,
SFT:,29.154,-5.235987755983199,29.354,-100.18189906447415,29.154,94.94591130849095,
SFT:,29.72,-5.235987755983199,29.804,-100.53096491487335,29.72,95.29497715889015,
SFT:,30.268,-5.235987755983199,30.364,-101.57816246606997,30.268,96.34217471008677,
SFT:,30.824,-5.235987755983199,30.911,-101.57816246606997,30.824,96.34217471008677,
SFT:,31.37,-4.886921905583878,31.477,-101.92722831646954,31.37,97.04030641088566,
SFT:,31.747,-4.5378560551845935,31.853,-102.27629416686875,31.747,97.73843811168416,
SFT:,32.293,-4.886921905582656,32.404,-102.62536001726797,32.293,97.73843811168531,
SFT:,32.846,-4.188790204784087,32.954,-103.32349171806395,32.846,99.13470151327986,
SFT:,33.426,-3.8397243543885016,33.339,-103.67255756846214,33.426,99.83283321407363,
SFT:,33.964,-4.188790204786565,33.902,-104.02162341886275,33.964,99.83283321407617,
SFT:,34.349,-4.188790204784087,34.456,-104.02162341886275,34.349,99.83283321407866,
SFT:,34.903,-3.839724354386024,34.642,-103.67255756846455,34.903,99.83283321407853,
SFT:,35.455,-3.490658503987965,35.187,-104.02162341886029,35.455,100.53096491487233,
SFT:,35.636,-3.4906585039904394,35.751,-103.32349171806395,35.636,99.8328332140735,
SFT:,36.175,-3.490658503987965,36.315,-102.97442586766368,36.175,99.48376736367572,
SFT:,36.732,-3.1415926535899112,36.885,-102.62536001726552,36.732,99.48376736367561,
SFT:,37.289,-4.188790204786565,37.428,-102.62536001726552,37.289,98.43656981247895,
SFT:,37.844,-4.5378560551845935,37.995,-102.27629416686736,37.844,97.73843811168277,
SFT:,38.42,-4.886921905585135,38.374,-101.92722831646954,38.42,97.0403064108844,
SFT:,38.976,-5.585053606381226,38.92,-101.57816246607138,38.976,95.99310885969015,
SFT:,39.354,-5.585053606381226,39.471,-101.57816246606893,39.354,95.99310885968771,
SFT:,39.914,-5.585053606381226,39.643,-101.57816246607138,39.914,95.99310885969015,
SFT:,40.471,-5.585053606381226,40.202,-100.88003076527295,40.471,95.29497715889173,
SFT:,40.651,-5.934119456781767,40.77,-100.88003076527295,40.651,94.94591130849118,
SFT:,41.398,-5.934119456781767,41.334,-100.53096491487476,41.398,94.59684545809299,
SFT:,41.951,-5.585053606381226,41.872,-100.53096491487231,41.951,94.94591130849109,
SFT:,42.128,-5.934119456781767,42.438,-99.83283321407599,42.128,93.89871375729422,
SFT:,42.69,-5.585053606381226,42.989,-99.48376736367572,42.69,93.8987137572945,
SFT:,43.255,-5.934119456781767,43.377,-99.48376736367817,43.255,93.5496479068964,
SFT:,43.811,-5.934119456781767,43.931,-100.18189906447415,43.811,94.24777960769238,
SFT:,44.373,-5.585053606381226,44.494,-99.83283321407599,44.373,94.24777960769477,
SFT:,44.926,-5.934119456781767,44.872,-99.83283321407599,44.926,93.89871375729422,
SFT:,45.484,-5.934119456781767,45.415,-99.13470151327756,45.484,93.20058205649579,
SFT:,45.863,-5.934119456781767,45.962,-99.48376736367817,45.863,93.5496479068964,
SFT:,46.411,-5.934119456781767,46.15,-99.48376736367572,46.411,93.54964790689395,
SFT:,46.978,-5.934119456781767,46.708,-99.83283321407599,46.978,93.89871375729422,
SFT:,47.159,-6.283185307179831,47.258,-100.18189906447661,47.159,93.89871375729678,
SFT:,47.724,-6.283185307177353,47.84,-100.88003076527295,47.724,94.5968454580956,
SFT:,48.281,-5.93411945677929,48.398,-102.2762941668698,48.281,96.34217471009052,
SFT:,48.848,-6.283185307179831,48.954,-102.27629416686736,48.848,95.99310885968752,
SFT:,49.406,-5.93411945677929,49.328,-102.62536001726797,49.406,96.69124056048868,
SFT:,49.958,-5.93411945677929,49.885,-102.97442586766368,49.958,97.0403064108844,
SFT:,50.334,-5.585053606383706,50.453,-103.3234917180664,50.334,97.7384381116827,
SFT:,50.894,-5.585053606381226,50.635,-103.32349171806395,50.894,97.73843811168273,
SFT:,51.45,-5.235987755983199,51.201,-104.02162341886275,51.45,98.78563566287954,
SFT:,51.997,-5.235987755983199,51.755,-104.37068926926091,51.997,99.1347015132777,
SFT:,52.374,-5.235987755983199,52.32,-104.37068926926091,52.374,99.1347015132777,
SFT:,52.93,-5.235987755983199,52.869,-104.37068926926091,52.93,99.1347015132777,
SFT:,53.491,-4.886921905585135,53.432,-104.37068926926091,53.491,99.48376736367577,
SFT:,53.671,-4.886921905585135,53.979,-103.67255756846214,53.671,98.785635662877,
SFT:,54.232,-4.5378560551845935,54.358,-103.67255756846214,54.232,99.13470151327755,
SFT:,54.795,-4.188790204786565,54.911,-102.97442586766613,54.795,98.78563566287956,
SFT:,55.356,-4.5378560551845935,55.471,-102.62536001726552,55.356,98.08750396208093,
SFT:,55.919,-5.2359877559807195,55.839,-102.62536001726552,55.919,97.3893722612848,
SFT:,56.466,-5.585053606381226,56.392,-102.2762941668698,56.466,96.69124056048858,
SFT:,56.855,-5.93411945677929,56.937,-102.27629416686736,56.855,96.34217471008807,
SFT:,57.395,-5.934119456781767,57.122,-102.27629416686736,57.395,96.34217471008559,
SFT:,57.97,-6.632251157577894,57.685,-101.92722831646954,57.97,95.29497715889164,
SFT:,58.14,-6.283185307179831,58.239,-101.57816246606893,58.14,95.2949771588891,
SFT:,58.698,-6.632251157577894,58.787,-101.57816246606893,58.698,94.94591130849103,
SFT:,59.256,-6.632251157577894,59.353,-101.22909661567077,59.256,94.59684545809287,
SFT:,59.807,-6.9813170079784,59.886,-101.2290966156732,59.807,94.2477796076948,
SFT:,60.361,-6.632251157577894,60.452,-100.53096491487231,60.361,93.89871375729442,
SFT:,60.918,-6.981317007975922,60.826,-100.53096491487476,60.918,93.54964790689884,
SFT:,61.48,-6.981317007975922,61.39,-100.53096491487476,61.48,93.54964790689884,
SFT:,61.855,-7.330382858373985,61.95,-100.53096491487476,61.855,93.20058205650078,
SFT:,62.404,-6.9813170079784,62.494,-100.18189906447415,62.404,93.20058205649575,
SFT:,62.961,-6.981317007975922,62.877,-99.83283321407599,62.961,92.85151620610007,
SFT:,63.338,-6.9813170079784,63.438,-99.48376736367817,63.338,92.50245035569976,
SFT:,63.893,-6.9813170079784,63.622,-99.48376736367572,63.893,92.50245035569732,
SFT:,64.452,-6.63225115757538,64.19,-100.18189906447415,64.452,93.54964790689877,
SFT:,64.631,-7.330382858376463,64.727,-100.53096491487723,64.631,93.20058205650076,
SFT:,65.193,-6.981317007975922,65.298,-100.53096491487231,65.193,93.5496479068964,
SFT:,65.751,-7.330382858376463,65.854,-101.92722831646954,65.751,94.59684545809307,
SFT:,66.305,-7.330382858376463,66.419,-102.27629416686491,66.305,94.94591130848845,
SFT:,66.87,-7.330382858376463,66.976,-102.62536001726552,66.87,95.29497715888905,
SFT:,67.44,-8.028514559172555,67.351,-102.62536001726552,67.44,94.59684545809297,
SFT:,67.998,-6.981317007980879,67.918,-103.67255756846701,67.998,96.69124056048614,
SFT:,68.377,-6.981317007975922,68.478,-104.02162341885784,68.377,97.04030641088193,
SFT:,68.937,-7.330382858376463,68.661,-104.71975511965873,68.937,97.38937226128226,
SFT:,69.49,-7.330382858376463,69.219,-104.71975511965873,69.49,97.38937226128226,
SFT:,69.671,-6.632251157580372,69.782,-105.06882097005933,69.671,98.43656981247896,
SFT:,70.228,-7.330382858376463,70.341,-105.41788682045471,70.228,98.08750396207824,
SFT:,70.776,-6.283185307179831,70.89,-105.41788682045994,70.776,99.1347015132801,
SFT:,71.337,-6.632251157580372,71.443,-105.76695267085532,71.337,99.13470151327495,
SFT:,71.886,-5.93411945677929,71.993,-104.71975511965873,71.886,98.78563566287944,
SFT:,72.439,-5.93411945677929,72.372,-104.71975511965873,72.439,98.78563566287944,
SFT:,72.807,-5.93411945677929,72.928,-104.37068926925811,72.807,98.43656981247882,
SFT:,73.354,-5.93411945677929,73.48,-104.37068926926335,73.354,98.43656981248407,
SFT:,73.911,-6.632251157580372,73.859,-104.02162341885784,73.911,97.38937226127747,
SFT:,74.47,-7.330382858376463,74.419,-103.3234917180615,74.47,95.99310885968504,
SFT:,74.856,-8.377580409573095,74.976,-103.3234917180615,74.856,94.9459113084884,
SFT:,75.409,-7.679448708777003,75.155,-102.97442586766613,75.409,95.29497715888913,
SFT:,75.967,-8.377580409573095,75.715,-102.62536001726552,75.967,94.24777960769242,
SFT:,76.143,-8.377580409573095,76.278,-102.2762941668698,76.143,93.8987137572967,
SFT:,76.706,-8.72664625997364,76.834,-101.92722831646954,76.706,93.2005820564959,
SFT:,77.27,-8.72664625996868,77.391,-101.92722831646954,77.27,93.20058205650086,
SFT:,77.822,-8.72664625997364,77.943,-101.57816246606893,77.822,92.8515162060953,
SFT:,78.381,-9.075712110369187,78.319,-101.57816246606893,78.381,92.50245035569975,
SFT:,78.928,-8.377580409573095,78.881,-101.2290966156732,78.928,92.8515162061001,
SFT:,79.494,-8.377580409573095,79.445,-101.22909661566831,79.494,92.85151620609521,
SFT:,79.886,-8.72664625996868,79.631,-101.2290966156732,79.886,92.50245035570453,
SFT:,80.442,-9.075712110369187,80.183,-101.2290966156732,80.442,92.15338450530402,
SFT:,80.997,-8.72664625997364,80.74,-100.88003076527295,80.997,92.15338450529931,
SFT:,81.174,-9.075712110374178,81.477,-100.18189906447661,81.174,91.10618695410243,
SFT:,81.923,-9.77384381117027,81.839,-100.53096491487231,81.923,90.75712110370205,
SFT:,82.472,-9.424777960769726,82.397,-101.2290966156732,82.472,91.80431865490347,
SFT:,82.655,-9.424777960769726,82.953,-101.2290966156732,82.655,91.80431865490347,
SFT:,83.211,-9.773843811165312,83.334,-101.92722831646954,83.211,92.15338450530423,
SFT:,83.773,-9.773843811165312,83.879,-102.62536001727041,83.773,92.8515162061051,
SFT:,84.327,-10.122909661565853,84.443,-103.3234917180615,84.327,93.20058205649565,
SFT:,84.886,-9.424777960769726,84.824,-103.3234917180615,84.886,93.89871375729177,
SFT:,85.448,-9.424777960764771,85.383,-104.02162341886275,85.448,94.59684545809797,
SFT:,85.822,-9.424777960769726,85.941,-104.71975511965873,85.822,95.294977158889,
SFT:,86.386,-9.424777960769726,86.499,-105.76695267085532,86.386,96.34217471008559,
SFT:,86.945,-9.075712110369187,86.674,-105.76695267086056,86.945,96.69124056049138,
SFT:,87.129,-9.075712110374178,87.245,-106.11601852125592,87.129,97.04030641088174,
SFT:,87.685,-9.075712110369187,87.796,-106.11601852125592,87.685,97.04030641088674,
SFT:,88.248,-9.075712110374178,88.367,-106.81415022205194,88.248,97.73843811167775,
SFT:,88.798,-9.075712110369187,88.914,-106.81415022205194,88.798,97.73843811168275,
SFT:,89.362,-8.028514559172555,89.468,-106.81415022205194,89.362,98.78563566287939,
SFT:,89.916,-8.377580409573095,89.838,-106.81415022205194,89.916,98.43656981247884,
SFT:,90.468,-8.028514559177513,90.395,-106.11601852125592,90.468,98.08750396207842,
SFT:,90.844,-8.377580409573095,90.95,-105.41788682045994,90.844,97.04030641088684,
SFT:,91.405,-9.424777960769726,91.476,-105.41788682045471,91.405,95.99310885968498,
SFT:,91.952,-9.075712110369187,91.692,-105.06882097005443,91.952,95.99310885968525,
SFT:,92.33,-9.773843811165312,92.248,-105.06882097005933,92.33,95.29497715889403,
SFT:,92.891,-10.47197551196636,92.808,-105.06882097005933,92.891,94.59684545809297,
SFT:,93.445,-10.821041362361946,93.173,-104.71975511965873,93.445,93.89871375729678,
SFT:,94,-10.47197551196636,93.725,-104.37068926925811,94,93.89871375729174,
SFT:,94.176,-11.170107212762488,94.277,-104.02162341886275,94.176,92.85151620610026,
SFT:,94.746,-11.170107212762488,94.829,-103.67255756846214,94.746,92.50245035569965,
SFT:,95.296,-11.519173063162995,95.385,-103.3234917180664,95.296,91.80431865490341,
SFT:,95.851,-11.519173063162995,95.942,-103.3234917180615,95.851,91.80431865489851,
SFT:,96.403,-11.519173063162995,96.326,-103.3234917180615,96.403,91.80431865489851,
SFT:,96.964,-11.86823891355858,96.879,-102.97442586766613,96.964,91.10618695410754,
SFT:,97.358,-11.868238913563534,97.424,-102.62536001727041,97.358,90.75712110370688,
SFT:,97.91,-11.519173063162995,97.997,-102.97442586766613,97.91,91.45525280450313,
SFT:,98.493,-11.519173063162995,98.176,-102.97442586766613,98.493,91.45525280450313,
SFT:,98.646,-11.519173063162995,98.731,-102.62536001726552,98.646,91.10618695410253,
SFT:,99.199,-11.519173063162995,99.294,-102.62536001726552,99.199,91.10618695410253,
SFT:,99.759,-12.217304763959122,99.856,-102.97442586766124,99.759,90.75712110370212,
SFT:,100.318,-11.86823891355858,100.406,-102.97442586766613,100.318,91.10618695410754,
SFT:,100.876,-12.566370614359663,100.966,-103.3234917180615,100.876,90.75712110370185,
SFT:,101.436,-12.217304763964076,101.334,-103.67255756846214,101.436,91.45525280449806,
SFT:,101.991,-12.566370614359663,101.883,-104.71975511965873,101.991,92.15338450529907,
SFT:,102.371,-12.566370614359663,102.44,-104.71975511965873,102.371,92.15338450529907,
SFT:,102.935,-12.566370614359663,103,-105.41788682045994,102.935,92.85151620610029,
SFT:,103.474,-12.217304763964076,103.388,-105.76695267086056,103.474,93.54964790689648,
SFT:,103.854,-12.217304763959122,103.945,-106.11601852125105,103.854,93.89871375729193,
SFT:,104.405,-12.217304763959122,104.497,-107.16321607245254,104.405,94.94591130849342,
SFT:,104.97,-11.86823891355858,104.685,-107.16321607245254,104.97,95.29497715889396,
SFT:,105.143,-11.868238913563534,105.24,-107.86134777324887,105.143,95.99310885968534,
SFT:,105.698,-11.86823891355858,105.799,-108.21041362364912,105.698,96.34217471009053,
SFT:,106.252,-11.519173063162995,106.363,-108.55947947404485,106.252,97.04030641088185,
SFT:,106.809,-11.519173063162995,106.923,-108.90854532444547,106.809,97.38937226128247,
SFT:,107.367,-11.519173063162995,107.489,-109.2576111748457,107.367,97.73843811168271,
SFT:,107.918,-11.170107212767444,107.861,-108.90854532444547,107.918,97.73843811167802,
SFT:,108.479,-11.519173063162995,108.404,-108.21041362364912,108.479,96.69124056048612,
SFT:,108.858,-12.217304763964076,108.963,-107.86134777324887,108.858,95.64404300928479,
SFT:,109.423,-12.915436464760166,109.149,-107.51228192285315,109.423,94.59684545809299,
SFT:,109.973,-13.613568165556293,109.701,-107.16321607244764,109.973,93.54964790689135,
SFT:,110.157,-13.613568165556293,110.262,-106.46508437165656,110.157,92.85151620610027,
SFT:,110.716,-13.962634015951844,110.82,-106.11601852125105,110.716,92.1533845052992,
SFT:,111.271,-13.9626340159568,111.175,-105.41788682045471,111.271,91.45525280449792,
SFT:,111.836,-14.311699866352386,111.739,-105.41788682045994,111.836,91.10618695410756,
SFT:,112.393,-14.311699866352386,112.287,-105.41788682045994,112.393,91.10618695410756,
SFT:,112.773,-14.660765716752927,112.833,-105.41788682045471,112.773,90.75712110370179,
SFT:,113.314,-14.311699866352386,113.406,-105.41788682045994,113.314,91.10618695410756,
SFT:,113.875,-15.009831567153466,113.962,-105.06882097005933,113.875,90.05898940290587,
SFT:,114.435,-15.009831567153466,114.338,-105.06882097005443,114.435,90.05898940290096,
SFT:,114.994,-15.009831567153466,114.891,-104.71975511966362,114.994,89.70992355251015,
SFT:,115.385,-15.009831567153466,115.46,-104.37068926925811,115.385,89.36085770210464,
SFT:,115.951,-15.358897417549018,115.645,-104.37068926925811,115.951,89.01179185170909,
SFT:,116.487,-14.660765716752927,116.194,-104.37068926926335,116.487,89.70992355251042,
SFT:,116.669,-15.358897417549018,116.764,-104.37068926925811,116.669,89.01179185170909,
SFT:,117.322,-15.009831567153466,117.307,-104.37068926926335,117.322,89.36085770210988,
SFT:,117.79,-15.009831567153466,117.875,-104.37068926926335,117.79,89.36085770210988,
SFT:,118.347,-15.358897417549018,118.421,-104.71975511966362,118.347,89.3608577021146,
SFT:,118.906,-15.358897417553974,118.981,-104.71975511965873,118.906,89.36085770210475,
SFT:,119.474,-15.707963267949557,119.358,-105.06882097005933,119.474,89.36085770210978,
SFT:,119.86,-15.707963267949557,119.92,-106.11601852125592,119.86,90.40805525330637,
SFT:,120.402,-15.358897417549018,120.461,-106.11601852125592,120.402,90.75712110370691,
SFT:,120.964,-15.358897417549018,120.651,-106.46508437165166,120.964,91.10618695410264,
SFT:,121.152,-15.358897417549018,121.208,-106.46508437165166,121.152,91.10618695410264,
SFT:,121.703,-15.009831567153466,121.783,-107.16321607245254,121.703,92.15338450529907,
SFT:,122.264,-15.009831567148511,122.154,-107.86134777324887,122.264,92.85151620610036,
SFT:,122.819,-14.660765716752927,122.699,-108.90854532444547,122.819,94.24777960769254,
SFT:,123.38,-14.660765716752927,123.269,-109.2576111748457,123.38,94.59684545809279,
SFT:,123.94,-14.311699866352386,123.821,-109.60667702524145,123.94,95.29497715888907,
SFT:,124.326,-14.66076571674797,124.383,-109.95574287564206,124.326,95.29497715889408,
SFT:,124.892,-13.962634015951844,124.927,-110.30480872604232,124.892,96.34217471009048,
SFT:,125.447,-13.9626340159568,125.49,-110.30480872603745,125.447,96.34217471008066,
SFT:,125.989,-13.264502315160708,125.864,-110.30480872604232,125.989,97.04030641088161,
SFT:,126.166,-13.613568165556293,126.41,-109.60667702524145,126.166,95.99310885968517,
SFT:,126.728,-13.613568165556293,126.978,-109.60667702524145,126.728,95.99310885968517,
SFT:,127.298,-14.660765716752927,127.148,-108.90854532444547,127.298,94.24777960769254,
SFT:,127.865,-15.009831567148511,127.726,-108.90854532444547,127.865,93.89871375729696,
SFT:,128.239,-15.358897417553974,128.267,-108.21041362364912,128.239,92.85151620609514,
SFT:,128.789,-15.009831567143523,128.824,-106.11601852125592,128.789,91.1061869541124,
SFT:,129.349,-15.707963267944603,129.372,-104.37068926926335,129.349,88.66272600131875,
SFT:,129.912,-15.707963267954518,129.932,-103.3234917180615,129.912,87.61552845010698,
SFT:,130.467,-15.707963267954518,130.484,-102.97442586767104,130.467,87.26646259971653,
SFT:,130.847,-15.707963267954518,130.851,-102.97442586766124,130.847,87.26646259970673,
SFT:,131.412,-16.05702911834514,131.411,-103.3234917180615,131.412,87.26646259971636,
SFT:,131.966,-15.358897417553974,131.965,-104.02162341886275,131.966,88.66272600130877,
SFT:,132.141,-15.707963267944603,132.34,-104.71975511966362,132.141,89.01179185171901,
SFT:,132.7,-15.707963267944603,132.902,-105.41788682045471,132.7,89.7099235525101,
SFT:,133.266,-15.707963267944603,133.465,-105.06882097006424,133.266,89.36085770211963,
SFT:,133.815,-15.707963267944603,133.652,-104.71975511965383,133.815,89.01179185170922,
SFT:,134.377,-15.358897417553974,134.205,-104.71975511966362,134.377,89.36085770210964,
SFT:,134.935,-16.05702911834514,134.766,-104.71975511965383,134.935,88.66272600130868,
SFT:,135.498,-15.358897417544059,135.325,-104.71975511965383,135.498,89.36085770210977,
SFT:,135.865,-15.707963267954518,135.856,-104.71975511965383,135.865,89.01179185169931,
SFT:,136.421,-15.707963267944603,136.427,-105.41788682045471,136.421,89.7099235525101,
SFT:,136.976,-16.05702911834514,136.962,-105.76695267085532,136.976,89.70992355251018,
SFT:,137.152,-15.707963267944603,137.315,-105.76695267085532,137.152,90.05898940291071,
SFT:,137.726,-16.406094968745652,137.974,-106.81415022204703,137.726,90.40805525330138,
SFT:,138.282,-15.358897417553974,138.477,-107.16321607245742,138.282,91.80431865490344,
SFT:,138.841,-15.707963267954518,138.662,-107.16321607245742,138.841,91.45525280450289,
SFT:,139.22,-15.358897417553974,139.226,-107.51228192284826,139.22,92.15338450529428,
SFT:,139.756,-15.009831567153466,139.786,-107.86134777324887,139.756,92.8515162060954,
SFT:,140.311,-14.660765716752927,140.341,-108.55947947404972,140.311,93.8987137572968,
SFT:,140.866,-15.009831567153466,140.909,-109.60667702524145,140.866,94.59684545808798,
SFT:,141.42,-14.311699866352386,141.478,-109.95574287564206,141.42,95.64404300928967,
SFT:,141.986,-14.311699866352386,141.849,-109.95574287564206,141.986,95.64404300928967,
SFT:,142.373,-14.311699866352386,142.402,-110.30480872603256,142.373,95.99310885968018,
SFT:,142.911,-13.962634015951844,142.951,-110.30480872604232,142.911,96.34217471009048,
SFT:,143.471,-13.264502315160708,143.335,-110.65387457644293,143.471,97.38937226128222,
SFT:,143.66,-13.264502315150795,143.896,-110.30480872603256,143.66,97.04030641088177,
SFT:,144.196,-12.217304763959122,144.448,-109.60667702525122,144.196,97.3893722612921,
SFT:,144.754,-13.613568165551337,144.994,-108.90854532445034,144.754,95.294977158899,
SFT:,145.311,-13.61356816556125,145.183,-108.90854532444024,145.311,95.294977158879,
SFT:,145.867,-13.962634015951844,145.737,-108.21041362364912,145.867,94.24777960769727,
SFT:,146.418,-13.61356816556125,146.288,-107.86134777324887,146.418,94.24777960768762,
SFT:,146.972,-14.311699866352386,146.842,-107.51228192285801,146.972,93.20058205650562,
SFT:,147.348,-14.311699866362298,147.41,-107.16321607244764,147.348,92.85151620608534,
SFT:,147.901,-14.311699866352386,147.965,-106.81415022205717,147.901,92.50245035570478,
SFT:,148.454,-13.962634015961793,148.339,-106.46508437165656,148.454,92.50245035569476,
SFT:,148.835,-13.962634015961793,148.895,-106.11601852125592,148.835,92.15338450529413,
SFT:,149.394,-14.311699866352386,149.455,-106.11601852125592,149.394,91.80431865490354,
SFT:,149.968,-13.962634015951844,149.636,-105.76695267085532,149.968,91.80431865490347,
SFT:,150.143,-13.962634015951844,150.183,-106.11601852125592,150.143,92.15338450530407,
SFT:,150.707,-13.962634015951844,150.73,-105.41788682045471,150.707,91.45525280450286,
SFT:,151.277,-13.613568165551337,151.295,-105.06882097005443,151.277,91.45525280450309,
SFT:,151.827,-13.962634015951844,151.659,-104.71975511965383,151.827,90.75712110370198,
SFT:,152.38,-13.613568165551337,152.218,-104.71975511965383,152.38,91.10618695410248,
SFT:,152.935,-13.264502315160708,152.768,-104.37068926926335,152.935,91.10618695410264,
SFT:,153.49,-13.61356816556125,153.314,-104.37068926926335,153.49,90.7571211037021,
SFT:,153.871,-13.61356816556125,153.883,-104.02162341886275,153.871,90.4080552533015,
SFT:,154.424,-13.264502315160708,154.42,-104.37068926925323,154.424,91.10618695409252,
SFT:,154.983,-13.61356816556125,154.989,-104.37068926926335,154.983,90.7571211037021,
SFT:,155.164,-12.915436464750252,155.367,-104.71975511965383,155.164,91.80431865490357,
SFT:,155.727,-13.264502315160708,155.923,-105.41788682045471,155.727,92.153384505294,
SFT:,156.276,-12.915436464760166,156.483,-106.11601852125592,156.276,93.20058205649576,
SFT:,156.837,-12.566370614359663,156.664,-105.76695267085532,156.837,93.20058205649565,
SFT:,157.399,-12.217304763959122,157.22,-106.11601852125592,157.399,93.8987137572968,
SFT:,157.965,-12.217304763959122,157.774,-106.46508437165656,157.965,94.24777960769744,
SFT:,158.335,-12.217304763959122,158.341,-107.16321607245742,158.335,94.9459113084983,
SFT:,158.898,-11.519173063158036,158.886,-108.21041362364912,158.898,96.69124056049108,
SFT:,159.449,-11.519173063167987,159.276,-108.55947947404972,159.449,97.04030641088174,
SFT:,159.626,-11.170107212767444,159.825,-108.55947947403996,159.626,97.38937226127251,
SFT:,160.375,-11.170107212767444,160.4,-108.55947947404972,160.375,97.38937226128228,
SFT:,160.92,-10.47197551196636,160.956,-109.25761117484085,160.92,98.78563566287448,
SFT:,161.475,-9.773843811165312,161.337,-109.25761117484085,161.475,99.48376736367554,
SFT:,161.645,-9.773843811175224,161.894,-108.55947947404972,161.645,98.7856356628745,
SFT:,162.203,-9.075712110374178,162.439,-107.86134777324887,162.203,98.78563566287468,
SFT:,162.767,-9.424777960764771,162.995,-107.16321607245742,162.767,97.73843811169264,
SFT:,163.318,-9.773843811175224,163.18,-106.81415022205717,163.318,97.04030641088194,
SFT:,163.889,-9.773843811175224,163.738,-106.46508437165656,163.889,96.69124056048133,
SFT:,164.427,-10.122909661565853,164.29,-106.11601852125592,164.427,95.99310885969007,
SFT:,164.984,-9.773843811175224,164.843,-105.76695267085532,164.984,95.99310885968009,
SFT:,165.373,-10.122909661565853,165.394,-105.41788682045471,165.373,95.29497715888886,
SFT:,165.933,-10.122909661565853,165.953,-105.06882097006424,165.933,94.94591130849838,
SFT:,166.495,-10.122909661565853,166.323,-105.06882097006424,166.495,94.94591130849838,
SFT:,166.67,-9.773843811165312,166.876,-104.37068926926335,166.67,94.59684545809804,
SFT:,167.231,-10.122909661565853,167.433,-104.71975511965383,167.231,94.59684545808797,
SFT:,167.793,-9.424777960774685,167.985,-104.37068926926335,167.793,94.94591130848866,
SFT:,168.348,-9.773843811175224,168.177,-104.37068926926335,168.348,94.59684545808813,
SFT:,168.899,-9.424777960764771,168.911,-104.02162341886275,168.899,94.59684545809797,
SFT:,169.283,-9.424777960764771,169.458,-103.67255756846214,169.283,94.24777960769737,
SFT:,169.833,-9.424777960764771,169.631,-103.3234917180615,169.833,93.89871375729673,
SFT:,170.39,-9.075712110364229,170.203,-103.3234917180615,170.39,94.24777960769728,
SFT:,170.95,-9.075712110364229,170.769,-102.62536001727041,170.95,93.54964790690619,
SFT:,171.319,-8.726646259963724,171.305,-102.2762941668698,171.319,93.54964790690607,
SFT:,171.881,-9.075712110374178,171.876,-102.2762941668698,171.881,93.20058205649562,
SFT:,172.432,-9.075712110364229,172.435,-102.2762941668698,172.432,93.20058205650557,
SFT:,172.987,-8.72664625997364,172.994,-102.97442586766124,172.987,94.2477796076876,
SFT:,173.163,-8.72664625997364,173.371,-102.97442586767104,173.163,94.24777960769741,
SFT:,173.719,-8.72664625997364,173.92,-103.67255756846214,173.719,94.9459113084885,
SFT:,174.273,-8.72664625997364,174.484,-103.67255756846214,174.273,94.9459113084885,
SFT:,174.827,-8.377580409573095,174.662,-103.67255756846214,174.827,95.29497715888904,
SFT:,175.385,-8.028514559172555,175.226,-104.02162341886275,175.385,95.9931088596902,
SFT:,175.947,-8.028514559172555,175.786,-104.71975511966362,175.947,96.69124056049107,
SFT:,176.336,-8.028514559182502,176.363,-104.71975511966362,176.336,96.69124056048112,
SFT:,176.883,-7.679448708781962,176.892,-106.11601852125592,176.883,98.43656981247396,
SFT:,177.437,-7.3303828583814195,177.468,-106.11601852125592,177.437,98.78563566287451,
SFT:,177.997,-6.981317007980879,177.831,-106.11601852125592,177.997,99.13470151327505,
SFT:,178.179,-6.981317007980879,178.388,-106.11601852125592,178.179,99.13470151327505,
SFT:,178.732,-6.632251157580372,178.941,-106.11601852125592,178.732,99.48376736367555,
SFT:,179.48,-6.283185307179831,179.323,-105.76695267085532,179.48,99.48376736367548,
SFT:,179.665,-5.93411945677929,179.878,-105.06882097005443,179.665,99.13470151327515,
SFT:,180.218,-5.235987755978241,180.44,-104.37068926926335,180.218,99.13470151328511,
SFT:,180.766,-4.886921905577699,180.625,-104.37068926926335,180.766,99.48376736368566,
SFT:,181.319,-5.235987755978241,181.183,-103.67255756846214,181.319,98.4365698124839,
SFT:,181.885,-5.585053606378749,181.735,-102.97442586767104,181.885,97.3893722612923,
SFT:,182.445,-5.585053606378749,182.293,-102.97442586767104,182.445,97.3893722612923,
SFT:,182.992,-5.585053606378749,182.851,-102.62536001727041,182.992,97.04030641089166,
SFT:,183.378,-5.585053606378749,183.408,-101.92722831645942,183.378,96.34217471008067,
SFT:,183.941,-5.2359877559881545,183.97,-101.92722831646954,183.941,96.69124056048139,
SFT:,184.121,-5.585053606388696,184.338,-101.57816246606893,184.121,95.99310885968023,
SFT:,184.682,-5.585053606378749,184.885,-101.57816246606893,184.682,95.99310885969018,
SFT:,185.236,-4.886921905577699,185.454,-101.22909661567812,185.236,96.34217471010042,
SFT:,185.804,-5.2359877559881545,185.999,-101.22909661566831,185.804,95.99310885968016,
SFT:,186.357,-4.886921905587612,186.173,-100.88003076527784,186.357,95.99310885969022,
SFT:,186.916,-5.235987755978241,186.75,-100.53096491487723,186.916,95.29497715889899,
SFT:,187.472,-4.886921905587612,187.307,-100.53096491486708,187.472,95.64404300927947,
SFT:,187.844,-4.5378560551870715,187.868,-100.18189906447661,187.844,95.64404300928953,
SFT:,188.4,-4.188790204786565,188.427,-99.83283321407599,188.4,95.64404300928942,
SFT:,188.945,-4.5378560551870715,188.98,-99.48376736367572,188.945,94.94591130848865,
SFT:,189.499,-3.839724354386024,189.367,-99.48376736367572,189.499,95.6440430092897,
SFT:,189.872,-3.839724354395937,189.928,-99.48376736367572,189.872,95.64404300927978,
SFT:,190.442,-4.5378560551870715,190.476,-99.83283321407599,190.442,95.29497715888891,
SFT:,190.626,-4.5378560551870715,190.659,-99.48376736367572,190.626,94.94591130848865,
SFT:,191.175,-4.188790204786565,191.216,-99.83283321407599,191.175,95.64404300928942,
SFT:,191.736,-4.188790204786565,191.777,-100.1818990644668,191.736,95.99310885968023,
SFT:,192.283,-3.490658503985482,192.341,-100.88003076527784,192.283,97.38937226129235,
SFT:,192.854,-3.490658503995396,192.704,-100.53096491487723,192.854,97.04030641088184,
SFT:,193.408,-3.490658503985482,193.261,-100.88003076526769,193.408,97.3893722612822,
SFT:,193.966,-3.141592653594872,193.812,-100.88003076527784,193.966,97.73843811168297,
SFT:,194.342,-2.443460952793806,194.386,-101.57816246606893,194.342,99.13470151327513,
SFT:,194.901,-2.443460952793806,194.947,-101.92722831646954,194.901,99.48376736367574,
SFT:,195.457,-2.0943951023932756,195.327,-102.62536001727041,195.457,100.53096491487713,
SFT:,195.634,-2.0943951023932756,195.885,-102.62536001726063,195.634,100.53096491486735,
SFT:,196.186,-1.3962634016021307,196.431,-102.97442586767104,196.186,101.57816246606892,
SFT:,196.742,-1.0471975511916758,196.993,-102.97442586766124,196.742,101.92722831646957,
SFT:,197.31,-0.6981317008010653,197.172,-102.62536001727041,197.31,101.92722831646934,
SFT:,197.854,-0.349065850400531,197.734,-102.2762941668698,197.854,101.92722831646927,
SFT:,198.413,-0.6981317008010653,198.291,-101.57816246606893,198.413,100.88003076526786,
SFT:,198.98,-1.0471975511916758,198.835,-100.53096491487723,198.98,99.48376736368556,
SFT:,199.364,-1.3962634015922104,199.388,-100.18189906447661,199.364,98.7856356628844,
SFT:,199.918,-1.745329251992741,199.937,-99.48376736368552,199.918,97.73843811169277,
SFT:,200.481,-1.745329251992741,200.483,-99.48376736367572,200.481,97.73843811168298,
SFT:,200.662,-1.745329251992741,200.874,-99.13470151327512,200.662,97.38937226128238,
SFT:,201.22,-2.0943951023932756,201.434,-99.13470151327512,201.22,97.04030641088184,
SFT:,201.975,-2.0943951023932756,201.995,-98.78563566288429,201.975,96.69124056049101,
SFT:,202.157,-2.0943951023932756,202.371,-98.78563566288429,202.157,96.69124056049101,
SFT:,202.718,-2.0943951023932756,202.93,-98.43656981248402,202.718,96.34217471009075,
SFT:,203.27,-1.7453292520026618,203.308,-98.08750396208342,203.27,96.34217471008076,
SFT:,203.84,-2.0943951023932756,203.665,-97.73843811168281,203.84,95.64404300928953,
SFT:,204.396,-1.745329251992741,204.235,-98.08750396208342,204.396,96.34217471009067,
SFT:,204.947,-2.0943951023932756,204.797,-97.73843811168281,204.947,95.64404300928953,
SFT:,205.337,-2.443460952783886,205.355,-97.04030641088193,205.337,94.59684545809804,
SFT:,205.874,-3.490658503985482,205.911,-97.38937226128218,205.874,93.89871375729669,
SFT:,206.443,-4.886921905587612,206.477,-96.6912405604911,206.443,91.80431865490348,
SFT:,206.619,-6.283185307179831,206.857,-96.69124056048132,206.619,90.40805525330148,
SFT:,207.179,-7.679448708772048,207.409,-96.3421747100807,207.179,88.66272600130866,
SFT:,207.75,-8.377580409573095,207.959,-96.34217471009049,207.75,87.96459430051739,
SFT:,208.305,-9.075712110374178,208.14,-95.99310885968008,208.305,86.9173967493059,
SFT:,208.861,-8.377580409573095,208.696,-96.34217471009049,208.861,87.96459430051739,
SFT:,209.417,-6.981317007980879,209.249,-96.3421747100807,209.417,89.36085770209982,
SFT:,209.961,-4.886921905587612,209.824,-97.0403064108917,209.961,92.15338450530409,
SFT:,210.324,-2.443460952793806,210.38,-97.73843811168281,210.324,95.29497715888901,
SFT:,210.865,-0.349065850400531,210.943,-97.73843811168281,210.865,97.38937226128228,
SFT:,211.416,-0.349065850400531,211.495,-98.08750396208342,211.416,97.73843811168288,
SFT:,211.98,0,211.88,-98.43656981247389,211.98,98.43656981247389,
SFT:,212.358,0,212.449,-99.13470151328491,212.358,99.13470151328491,
SFT:,212.919,0,212.625,-99.13470151327512,212.919,99.13470151327512,
SFT:,213.488,0.349065850400531,213.199,-99.83283321407599,213.488,100.18189906447653,
SFT:,213.658,0.6981317008010653,213.752,-100.53096491487723,213.658,101.2290966156783,
SFT:,214.217,0.698131700791145,214.314,-100.53096491486708,214.217,101.22909661565824,
SFT:,214.765,1.0471975512015965,214.858,-100.18189906447661,214.765,101.2290966156782,
SFT:,215.327,1.3962634015922104,215.415,-99.48376736367572,215.327,100.88003076526793,
SFT:,215.88,2.0943951023932756,215.971,-99.13470151327512,215.88,101.2290966156684,
SFT:,216.446,2.443460952793806,216.351,-98.78563566287451,216.446,101.22909661566831,
SFT:,216.825,2.7925268031943418,216.893,-98.08750396208342,216.825,100.88003076527775,
SFT:,217.373,2.443460952793806,217.457,-97.38937226128218,217.373,99.83283321407598,
SFT:,217.94,1.745329251992741,217.826,-97.04030641088193,217.94,98.78563566287467,
SFT:,218.128,1.7453292520026618,218.384,-97.04030641088193,218.128,98.78563566288459,
SFT:,218.694,1.7453292520026618,218.942,-96.34217471009049,218.694,98.08750396209315,
SFT:,219.249,1.3962634015922104,219.497,-96.34217471009049,219.249,97.7384381116827,
SFT:,219.822,1.3962634015922104,219.68,-96.34217471009049,219.822,97.7384381116827,
SFT:,220.383,1.3962634015922104,220.236,-95.99310885968008,220.383,97.38937226127229,
SFT:,220.941,1.0471975511916758,220.786,-95.6440430092896,220.941,96.69124056048128,
SFT:,221.319,0.6981317008010653,221.347,-95.294977158889,221.319,95.99310885969007,
SFT:,221.874,1.3962634015922104,221.908,-95.294977158889,221.874,96.6912405604812,
SFT:,222.427,1.3962634016021307,222.462,-95.294977158889,222.427,96.69124056049112,
SFT:,222.988,1.3962634015922104,222.836,-94.94591130849852,222.988,96.34217471009073,
SFT:,223.173,1.3962634015922104,223.395,-94.5968454580979,223.173,95.99310885969011,
SFT:,223.728,1.3962634015922104,223.952,-94.59684545808811,223.728,95.99310885968032,
SFT:,224.292,1.745329251992741,224.133,-94.5968454580979,224.292,96.34217471009065,
SFT:,224.854,2.0943951023932756,224.685,-93.89871375729666,224.854,95.99310885968994,
SFT:,225.222,1.745329251992741,225.239,-94.24777960769728,225.222,95.99310885969003,
SFT:,225.771,2.0943951023932756,225.797,-93.54964790689641,225.771,95.64404300928969,
SFT:,226.332,1.745329251992741,226.352,-94.24777960769728,226.332,95.99310885969003,
SFT:,226.887,1.745329251992741,226.725,-94.59684545808811,226.887,96.34217471008085,
SFT:,227.439,2.0943951023932756,227.286,-94.24777960769728,227.439,96.34217471009056,
SFT:,227.989,1.745329251992741,227.84,-95.294977158889,227.989,97.04030641088174,
SFT:,228.36,2.0943951023932756,228.397,-95.6440430092896,228.36,97.73843811168288,
SFT:,228.925,2.443460952783886,228.956,-95.6440430092896,228.925,98.08750396207348,
SFT:,229.481,2.443460952793806,229.339,-95.6440430092896,229.481,98.0875039620834,
SFT:,229.661,2.443460952793806,229.898,-96.3421747100807,229.661,98.7856356628745,
SFT:,230.211,2.792526803184421,230.463,-96.69124056048132,230.211,99.48376736366573,
SFT:,230.764,2.792526803184421,230.646,-97.04030641088193,230.764,99.83283321406634,
SFT:,231.33,3.1415926535849517,231.191,-97.73843811168281,231.33,100.88003076526776,
SFT:,231.888,3.490658503985482,231.761,-98.43656981247389,231.888,101.92722831645938,
SFT:,232.441,3.490658503985482,232.325,-98.43656981247389,232.441,101.92722831645938,
SFT:,232.823,3.839724354386024,232.867,-98.08750396207364,232.823,101.92722831645966,
SFT:,233.381,3.839724354386024,233.408,-97.73843811168281,233.381,101.57816246606883,
SFT:,233.937,4.5378560551771585,233.964,-97.38937226128218,233.937,101.92722831645933,
SFT:,234.483,5.235987755978241,234.346,-97.04030641088193,234.483,102.27629416686017,
SFT:,234.855,5.585053606388696,234.908,-96.3421747100807,234.855,101.9272283164694,
SFT:,235.423,4.886921905587612,235.469,-95.99310885969021,235.423,100.88003076527782,
SFT:,235.985,5.235987755978241,235.651,-95.6440430092896,235.985,100.88003076526785,
SFT:,236.164,4.886921905587612,236.211,-95.6440430092896,236.164,100.53096491487722,
SFT:,236.731,4.886921905587612,236.955,-95.29497715889912,236.731,100.18189906448673,
SFT:,237.293,4.886921905577699,237.14,-94.94591130848839,237.293,99.83283321406608,
SFT:,237.86,4.5378560551771585,237.664,-94.94591130848839,237.86,99.48376736366555,
SFT:,238.414,4.886921905587612,238.249,-94.59684545808811,238.414,99.48376736367572,
SFT:,238.965,4.188790204786565,238.789,-94.2477796076875,238.965,98.43656981247408,
SFT:,239.34,4.188790204786565,239.339,-94.24777960769728,239.34,98.43656981248385,
SFT:,239.908,4.188790204786565,239.899,-93.89871375729666,239.908,98.08750396208323,
SFT:,240.472,4.188790204786565,240.465,-94.24777960769728,240.472,98.43656981248385,
SFT:,240.653,4.188790204786565,240.85,-94.2477796076875,240.653,98.43656981247408,
SFT:,241.208,4.188790204786565,241.407,-93.89871375729666,241.208,98.08750396208323,
SFT:,241.764,4.188790204786565,241.957,-93.54964790689641,241.764,97.73843811168298,
SFT:,242.324,4.5378560551771585,242.127,-93.2005820564958,242.324,97.73843811167296,
SFT:,242.873,4.188790204786565,242.69,-92.8515162060952,242.873,97.04030641088177,
SFT:,243.434,4.188790204786565,243.241,-92.85151620610529,243.434,97.04030641089186,
SFT:,243.983,4.5378560551870715,243.985,-93.20058205650557,243.983,97.73843811169264,
SFT:,244.364,4.188790204786565,244.169,-93.20058205650557,244.364,97.38937226129214,
SFT:,244.917,4.188790204786565,244.726,-93.2005820564958,244.917,97.38937226128238,
SFT:,245.49,4.188790204786565,245.28,-93.54964790689641,245.49,97.73843811168298,
SFT:,245.663,4.188790204786565,245.841,-94.24777960769728,245.663,98.43656981248385,
SFT:,246.402,4.188790204786565,246.388,-94.5968454580979,246.402,98.78563566288447,
SFT:,246.977,4.188790204786565,246.949,-94.5968454580979,246.977,98.78563566288447,
SFT:,247.143,4.5378560551870715,247.332,-94.94591130848839,247.143,99.48376736367547,
SFT:,247.702,4.188790204786565,247.89,-95.294977158889,247.702,99.48376736367557,
SFT:,248.246,4.886921905577699,248.454,-96.34217471009049,248.246,101.22909661566818,
SFT:,248.807,5.2359877559881545,248.636,-96.3421747100807,248.807,101.57816246606885,
SFT:,249.364,5.235987755978241,249.188,-96.69124056048132,249.364,101.92722831645956,
SFT:,249.926,5.585053606388696,249.747,-97.0403064108917,249.926,102.6253600172804,
SFT:,250.482,5.2359877559881545,250.31,-97.04030641088193,250.482,102.27629416687007,
SFT:,250.864,5.235987755978241,250.862,-97.38937226128218,250.864,102.62536001726042,
SFT:,251.427,5.585053606388696,251.436,-97.0403064108917,251.427,102.6253600172804,
SFT:,251.973,6.283185307179831,251.989,-96.34217471009049,251.973,102.62536001727032,
SFT:,252.155,5.93411945677929,252.363,-95.99310885969021,252.155,101.9272283164695,
SFT:,252.703,6.632251157580372,252.924,-95.294977158889,252.703,101.92722831646937,
SFT:,253.261,6.981317007980879,253.477,-95.294977158889,253.261,102.27629416686987,
SFT:,253.819,7.679448708781962,253.663,-94.94591130849852,253.819,102.62536001728049,
SFT:,254.375,6.981317007980879,254.229,-94.5968454580979,254.375,101.57816246607878,
SFT:,254.932,6.981317007980879,254.798,-94.94591130848839,254.932,101.92722831646927,
SFT:,255.317,6.981317007970964,255.362,-94.59684545808811,255.317,101.57816246605907,
SFT:,255.88,6.632251157580372,255.909,-94.2477796076875,255.88,100.88003076526788,
SFT:,256.43,6.283185307169917,256.454,-93.89871375729666,256.43,100.18189906446658,
SFT:,256.99,6.632251157580372,256.838,-94.24777960770739,256.99,100.88003076528776,
SFT:,257.362,6.283185307169917,257.384,-93.89871375729666,257.362,100.18189906446658,
SFT:,257.926,5.93411945677929,257.953,-93.89871375727712,257.926,99.83283321405641,
SFT:,258.49,5.93411945677929,258.329,-93.89871375729666,258.49,99.83283321407595,
SFT:,258.672,5.93411945677929,258.883,-93.2005820564958,258.672,99.13470151327509,
SFT:,259.229,5.585053606388696,259.443,-92.8515162060854,259.229,98.4365698124741,
SFT:,259.79,5.5850536063688345,259.995,-93.2005820564958,259.79,98.78563566286464,
SFT:,260.352,5.585053606388696,260.173,-92.85151620610529,260.352,98.43656981249399,
SFT:,260.912,5.93411945677929,260.731,-92.85151620610529,260.912,98.78563566288457,
SFT:,261.478,5.93411945677929,261.286,-92.50245035569458,261.478,98.43656981247386,
SFT:,261.857,5.93411945677929,261.849,-92.50245035569458,261.857,98.43656981247386,
SFT:,262.406,5.585053606388696,262.395,-92.50245035569458,262.406,98.08750396208328,
SFT:,262.97,5.5850536063688345,262.95,-93.2005820564958,262.97,98.78563566286464,
SFT:,263.148,5.5850536063688345,263.337,-93.54964790688628,263.148,99.13470151325511,
SFT:,263.699,5.5850536063688345,263.896,-94.24777960770739,263.699,99.83283321407622,
SFT:,264.249,5.5850536063688345,264.458,-94.24777960770739,264.249,99.83283321407622,
SFT:,264.807,5.93411945677929,264.637,-94.2477796076875,264.807,100.18189906446679,
SFT:,265.37,5.93411945677929,265.197,-94.2477796076875,265.37,100.18189906446679,
SFT:,265.928,5.585053606388696,265.748,-94.2477796076875,265.928,99.8328332140762,
SFT:,266.489,5.93411945677929,266.308,-93.89871375729666,266.489,99.83283321407595,
SFT:,266.864,6.283185307189744,266.854,-92.8515162060854,266.864,99.13470151327515,
SFT:,267.435,5.93411945677929,267.237,-93.2005820564958,267.435,99.13470151327509,
SFT:,267.981,6.283185307189744,267.8,-94.24777960770739,267.981,100.53096491489713,
SFT:,268.368,6.283185307189744,268.37,-95.99310885968008,268.368,102.27629416686982,
SFT:,268.899,6.632251157580372,268.917,-96.34217471007094,268.899,102.9744258676513,
SFT:,269.462,6.632251157580372,269.468,-95.99310885969999,269.462,102.62536001728036,
SFT:,269.64,6.981317007990826,269.844,-95.99310885968008,269.64,102.9744258676709,
SFT:,270.19,6.981317007970964,270.396,-95.29497715889912,270.19,102.27629416687007,
SFT:,270.736,7.679448708772048,270.963,-94.94591130850827,270.736,102.62536001728031,
SFT:,271.293,7.679448708772048,271.142,-94.5968454580979,271.293,102.27629416686995,
SFT:,271.846,7.679448708772048,271.705,-94.2477796076875,271.846,101.92722831645955,
SFT:,272.408,6.632251157580372,272.258,-93.89871375729666,272.408,100.53096491487703,
SFT:,272.966,6.283185307169917,272.822,-94.2477796076875,272.966,100.53096491485742,
SFT:,273.35,5.93411945677929,273.373,-93.89871375729666,273.35,99.83283321407595,
SFT:,273.917,5.585053606388696,273.925,-93.54964790690617,273.917,99.13470151329487,
SFT:,274.472,5.585053606388696,274.484,-93.54964790688628,274.472,99.13470151327498,
SFT:,274.647,5.585053606388696,274.867,-93.54964790690617,274.647,99.13470151329487,
SFT:,275.21,5.585053606388696,275.436,-93.54964790688628,275.21,99.13470151327498,
SFT:,275.765,5.585053606388696,275.99,-93.2005820564958,275.765,98.7856356628845,
SFT:,276.151,4.886921905587612,276.174,-93.54964790688628,276.151,98.43656981247389,
SFT:,276.695,4.886921905587612,276.738,-93.2005820564958,276.695,98.08750396208342,
SFT:,277.245,4.886921905587612,277.301,-93.2005820564958,277.245,98.08750396208342,
SFT:,277.808,5.235987755978241,277.855,-93.2005820564958,277.808,98.43656981247405,
SFT:,278.365,5.235987755978241,278.406,-93.2005820564958,278.365,98.43656981247405,
SFT:,278.923,4.886921905587612,278.961,-92.85151620610529,278.923,97.7384381116929,
SFT:,279.481,4.886921905587612,279.335,-92.8515162060854,279.481,97.73843811167302,
SFT:,279.852,4.53785605519702,279.897,-92.85151620610529,279.852,97.38937226130231,
SFT:,280.417,4.188790204786565,280.448,-92.8515162060854,280.417,97.04030641087198,
SFT:,280.975,4.5378560551771585,280.828,-93.2005820564958,280.975,97.73843811167296,
SFT:,281.159,4.188790204786565,281.392,-93.54964790688628,281.159,97.73843811167285,
SFT:,281.714,4.188790204786565,281.955,-94.596845458078,281.714,98.78563566286456,
SFT:,282.277,3.839724354395937,282.13,-94.2477796076875,282.277,98.08750396208345,
SFT:,282.831,3.490658503985482,282.681,-94.94591130848839,282.831,98.43656981247388,
SFT:,283.383,4.188790204786565,283.26,-94.94591130848839,283.383,99.13470151327496,
SFT:,283.939,4.188790204786565,283.814,-95.29497715889912,283.939,99.48376736368569,
SFT:,284.49,4.188790204786565,284.379,-96.34217471009049,284.49,100.53096491487706,
SFT:,284.879,4.188790204786565,284.933,-96.69124056048132,284.879,100.88003076526789,
SFT:,285.42,4.5378560551771585,285.327,-97.0403064108917,285.42,101.57816246606886,
SFT:,285.983,4.188790204786565,285.89,-97.0403064108718,285.983,101.22909661565838,
SFT:,286.176,4.53785605519702,286.445,-97.38937226128218,286.176,101.9272283164792,
SFT:,286.723,4.5378560551771585,286.631,-97.0403064108718,286.723,101.57816246604897,
SFT:,287.46,4.886921905587612,287.176,-97.38937226128218,287.46,102.27629416686979,
SFT:,287.637,4.886921905587612,287.742,-96.34217471009049,287.637,101.2290966156781,
SFT:,288.196,4.886921905567785,288.292,-96.34217471007094,288.196,101.22909661563872,
SFT:,288.75,4.886921905587612,288.86,-96.34217471009049,288.75,101.2290966156781,
SFT:,289.309,5.5850536063688345,289.408,-95.99310885969999,289.309,101.57816246606882,
SFT:,289.855,4.5378560551771585,289.968,-95.6440430092896,289.855,100.18189906446676,
SFT:,290.408,4.188790204786565,290.346,-95.29497715889912,290.408,99.48376736368569,
SFT:,290.962,3.490658503985482,290.901,-95.29497715889912,290.962,98.7856356628846,
SFT:,291.336,3.141592653594872,291.45,-95.6440430092896,291.336,98.78563566288447,
SFT:,291.901,3.141592653594872,291.998,-95.29497715887922,291.901,98.43656981247409,
SFT:,292.45,3.490658503985482,292.184,-95.6440430092896,292.45,99.13470151327509,
SFT:,292.634,3.490658503985482,292.922,-95.29497715889912,292.634,98.7856356628846,
SFT:,293.201,3.141592653575031,293.477,-94.94591130848839,293.201,98.08750396206342,
SFT:,293.937,3.141592653594872,293.656,-95.29497715889912,293.937,98.43656981249399,
SFT:,294.496,2.7925268032042614,294.212,-94.5968454580979,294.496,97.38937226130217,
SFT:,294.676,2.7925268032042614,294.774,-94.5968454580979,294.676,97.38937226130217,
SFT:,295.239,2.7925268032042614,295.32,-94.2477796076875,295.239,97.04030641089177,
SFT:,295.793,2.792526803184421,295.879,-94.24777960770739,295.793,97.0403064108918,
SFT:,296.357,2.792526803184421,296.454,-94.2477796076875,296.357,97.04030641087192,
SFT:,296.91,2.443460952773966,296.825,-94.2477796076875,296.91,96.69124056046147,
SFT:,297.475,2.443460952793806,297.385,-93.89871375729666,297.475,96.34217471009046,
SFT:,297.856,2.443460952793806,297.94,-93.89871375729666,297.856,96.34217471009046,
SFT:,298.408,1.745329251992741,298.493,-94.5968454580979,298.408,96.34217471009065,
SFT:,298.974,1.745329251992741,298.671,-94.5968454580979,298.974,96.34217471009065,
SFT:,299.156,1.3962634016021307,299.228,-94.94591130848839,299.156,96.34217471009052,
SFT:,299.713,1.39626340158229,299.799,-95.6440430092896,299.713,97.04030641087189,
SFT:,300.27,1.745329251992741,300.354,-96.34217471009049,300.27,98.08750396208323,
SFT:,300.825,1.745329251992741,300.925,-96.34217471009049,300.825,98.08750396208323,
SFT:,301.381,2.094395102403196,301.486,-96.69124056048132,301.381,98.78563566288452,
SFT:,301.955,2.443460952793806,301.876,-97.38937226128218,301.955,99.83283321407598,
SFT:,302.488,2.094395102403196,302.428,-97.73843811167303,302.488,99.83283321407623,
SFT:,302.86,2.443460952793806,302.975,-98.4365698124938,302.86,100.8800307652876,
SFT:,303.425,2.443460952793806,303.166,-98.43656981247389,303.425,100.88003076526769,
SFT:,303.968,2.443460952793806,303.724,-98.78563566288429,303.968,101.22909661567809,
SFT:,304.343,2.0943951023833556,304.3,-98.78563566288429,304.343,100.88003076526765,
SFT:,304.906,2.443460952793806,304.851,-98.43656981247389,304.906,100.88003076526769,
SFT:,305.458,2.0943951023833556,305.411,-98.08750396208342,305.458,100.18189906446678,
SFT:,305.64,2.443460952793806,305.971,-97.73843811169291,305.64,100.18189906448671,
SFT:,306.204,1.3962634016021307,306.34,-97.38937226128218,306.204,98.7856356628843,
SFT:,306.763,-0.34906585039061155,306.883,-96.34217471007094,306.763,95.99310885968032,
SFT:,307.328,-1.0471975511916758,307.451,-95.6440430092896,307.328,94.59684545809793,
SFT:,307.887,-1.3962634016021307,307.83,-95.99310885968008,307.887,94.59684545807795,
SFT:,308.437,-0.3490658504104549,308.388,-96.69124056048132,308.437,96.34217471007086,
SFT:,308.992,0.34906585039061155,308.964,-96.69124056048132,308.992,97.04030641087193,
SFT:,309.355,1.0471975511916758,309.493,-96.69124056048132,309.355,97.73843811167299,
SFT:,309.909,2.094395102403196,309.671,-96.69124056048132,309.909,98.78563566288452,
SFT:,310.464,2.792526803184421,310.225,-96.34217471009049,310.464,99.1347015132749,
SFT:,310.648,2.792526803184421,310.778,-95.99310885969999,310.648,98.7856356628844,
SFT:,311.204,2.443460952793806,311.338,-95.99310885969999,311.204,98.43656981249379,
SFT:,311.766,2.443460952793806,311.878,-95.6440430092896,311.766,98.0875039620834,
SFT:,312.331,2.0943951023833556,312.437,-95.29497715889912,312.331,97.38937226128247,
SFT:,312.89,1.745329251992741,312.998,-94.94591130848839,312.89,96.69124056048113,
SFT:,313.442,2.0943951023833556,313.376,-94.596845458078,313.442,96.69124056046135,
SFT:,313.824,1.39626340158229,313.936,-95.29497715887922,313.824,96.69124056046151,
SFT:,314.378,1.745329251992741,314.477,-94.596845458078,314.378,96.34217471007074,
SFT:,314.929,1.745329252012586,314.866,-94.94591130848839,314.929,96.69124056050097,
SFT:,315.486,1.745329251992741,315.42,-94.24777960770739,315.486,95.99310885970013,
SFT:,315.863,1.745329251992741,315.977,-94.2477796076875,315.863,95.99310885968025,
SFT:,316.424,1.3962634016021307,316.157,-94.94591130848839,316.424,96.34217471009052,
SFT:,316.975,1.0471975511916758,316.713,-94.94591130850827,316.975,95.99310885969994,
SFT:,317.153,1.745329251992741,317.285,-95.29497715889912,317.153,97.04030641089186,
SFT:,317.718,0.6981317008010653,317.839,-96.34217471009049,317.718,97.04030641089156,
SFT:,318.272,1.0471975511916758,318.389,-96.69124056048132,318.272,97.73843811167299,
SFT:,318.839,1.3962634016021307,318.944,-96.69124056050121,318.839,98.08750396210334,
SFT:,319.394,0.6981317008010653,319.318,-97.0403064108718,319.394,97.73843811167288,
SFT:,319.947,1.3962634016021307,319.881,-97.73843811167303,319.947,99.13470151327516,
SFT:,320.498,1.3962634016021307,320.448,-98.08750396208342,320.498,99.48376736368554,
SFT:,320.883,1.3962634016021307,320.631,-98.43656981247389,320.883,99.83283321407602,
SFT:,321.43,1.745329251992741,321.194,-98.78563566288429,321.43,100.53096491487703,
SFT:,321.992,2.0943951023833556,321.752,-98.78563566288429,321.992,100.88003076526765,
SFT:,322.174,1.745329251992741,322.304,-98.43656981247389,322.174,100.18189906446663,
SFT:,322.736,1.745329251992741,322.865,-98.43656981247389,322.736,100.18189906446663,
SFT:,323.288,1.745329251992741,323.422,-98.4365698124938,323.288,100.18189906448654,
SFT:,323.659,2.094395102403196,323.976,-97.73843811167303,323.659,99.83283321407623,
SFT:,324.218,2.443460952793806,324.333,-97.73843811169291,324.218,100.18189906448671,
SFT:,324.776,2.792526803184421,324.882,-97.38937226128218,324.776,100.18189906446659,
SFT:,325.326,2.792526803184421,325.443,-97.0403064108718,325.326,99.83283321405622,
SFT:,325.877,3.141592653594872,325.823,-97.0403064108718,325.877,100.18189906446668,
SFT:,326.433,2.443460952793806,326.383,-97.0403064108718,326.433,99.4837673636656,
SFT:,326.988,2.443460952793806,326.94,-96.69124056048132,326.988,99.13470151327512,
SFT:,327.381,2.094395102403196,327.5,-96.34217471009049,327.381,98.43656981249369,
SFT:,327.927,1.745329251992741,327.672,-96.34217471009049,327.927,98.08750396208323,
SFT:,328.49,1.3962634016021307,328.229,-95.99310885968008,328.49,97.3893722612822,
SFT:,328.67,1.39626340158229,328.783,-95.99310885969999,328.67,97.38937226128228,
SFT:,329.235,1.39626340158229,329.347,-95.6440430092896,329.235,97.04030641087189,
SFT:,329.801,1.745329251992741,329.894,-95.29497715889912,329.801,97.04030641089186,
SFT:,330.361,1.3962634016021307,330.449,-94.94591130848839,330.361,96.34217471009052,
SFT:,330.925,1.39626340158229,331,-94.5968454580979,330.925,95.99310885968019,
SFT:,331.475,1.39626340158229,331.383,-94.94591130848839,331.475,96.34217471007068,
SFT:,331.853,1.3962634016021307,331.944,-95.29497715889912,331.853,96.69124056050124,
SFT:,332.417,1.0471975512115204,332.49,-95.29497715889912,332.417,96.34217471011064,
SFT:,332.967,1.3962634016021307,332.867,-94.94591130848839,332.967,96.34217471009052,
SFT:,333.138,1.3962634016021307,333.417,-94.596845458078,333.138,95.99310885968012,
SFT:,333.699,1.0471975511916758,333.97,-94.94591130850827,333.699,95.99310885969994,
SFT:,334.259,0.6981317008010653,334.142,-94.94591130848839,334.259,95.64404300928946,
SFT:,334.645,0.3490658504104549,334.704,-95.29497715889912,334.645,95.64404300930957,
SFT:,335.188,0.3490658504104549,335.256,-95.29497715887922,335.188,95.64404300928967,
SFT:,335.745,0.34906585039061155,335.825,-95.99310885968008,335.745,96.3421747100707,
SFT:,336.3,0.34906585039061155,336.374,-96.69124056050121,336.3,97.04030641089183,
SFT:,336.855,0,336.931,-97.0403064108718,336.855,97.0403064108718,
SFT:,337.415,-0.3490658504104549,337.489,-97.73843811167303,337.415,97.38937226126258,
SFT:,337.971,-1.0471975511916758,337.871,-98.08750396208342,337.971,97.04030641089174,
SFT:,338.347,-1.0471975511916758,338.433,-98.78563566288429,338.347,97.73843811169262,
SFT:,338.902,-0.34906585039061155,338.989,-98.78563566286475,338.902,98.43656981247413,
SFT:,339.46,0.6981317008010653,339.178,-99.13470151327512,339.46,99.83283321407619,
SFT:,339.644,1.0471975511916758,339.737,-99.13470151329501,339.644,100.18189906448669,
SFT:,340.197,1.3962634016021307,340.47,-99.13470151329501,340.197,100.53096491489714,
SFT:,340.75,1.3962634016021307,340.644,-99.13470151327512,340.75,100.53096491487725,
SFT:,341.318,1.745329251992741,341.21,-99.13470151327512,341.318,100.88003076526786,
SFT:,341.888,1.3962634016021307,341.764,-98.78563566288429,341.888,100.18189906448642,
SFT:,342.446,2.0943951023833556,342.321,-98.78563566288429,342.446,100.88003076526765,
SFT:,342.82,2.443460952793806,342.882,-98.43656981247389,342.82,100.88003076526769,
SFT:,343.381,2.094395102403196,343.435,-98.08750396208342,343.381,100.18189906448661,
SFT:,343.943,2.094395102403196,343.981,-97.73843811167303,343.943,99.83283321407623,
SFT:,344.499,1.39626340158229,344.367,-97.73843811169291,344.499,99.1347015132752,
SFT:,344.689,1.0471975511916758,344.931,-97.38937226128218,344.689,98.43656981247385,
SFT:,345.244,0.6981317007812244,345.495,-97.73843811169291,345.244,98.43656981247413,
SFT:,345.802,0.6981317007812244,345.676,-97.38937226128218,345.802,98.0875039620634,
SFT:,346.362,0.6981317007812244,346.236,-97.0403064108718,346.362,97.73843811165302,
SFT:,346.918,0,346.775,-97.0403064108718,346.918,97.0403064108718,
SFT:,347.483,0,347.345,-96.69124056050121,347.483,96.69124056050121,
SFT:,347.87,-0.34906585039061155,347.879,-95.99310885969999,347.87,95.64404300930937,
SFT:,348.415,0,348.447,-95.99310885968008,348.415,95.99310885968008,
SFT:,348.98,0,348.993,-95.6440430092896,348.98,95.6440430092896,
SFT:,349.369,0,349.387,-95.99310885968008,349.369,95.99310885968008,
SFT:,349.915,0,349.928,-95.99310885968008,349.915,95.99310885968008,
SFT:,350.474,0.3490658504104549,350.484,-95.29497715887922,350.474,95.64404300928967,
SFT:,350.647,0.3490658504104549,350.857,-95.6440430092896,350.647,95.99310885970006,
SFT:,351.208,0,351.414,-94.94591130848839,351.208,94.94591130848839,
SFT:,351.757,-0.3490658504104549,351.971,-95.29497715889912,351.757,94.94591130848866,
SFT:,352.319,-0.3490658504104549,352.154,-95.6440430092896,352.319,95.29497715887915,
SFT:,352.866,-0.6981317008010653,352.702,-95.6440430092896,352.866,94.94591130848853,
SFT:,353.426,-0.6981317008010653,353.278,-95.99310885969999,353.426,95.29497715889892,
SFT:,353.99,-0.3490658504104549,353.841,-96.69124056048132,353.99,96.34217471007086,
SFT:,354.378,-0.34906585039061155,354.395,-97.73843811167303,354.378,97.38937226128242,
SFT:,354.949,-0.3490658504104549,354.95,-98.08750396208342,354.949,97.73843811167296,
SFT:,355.488,-0.34906585039061155,355.324,-98.08750396208342,355.488,97.7384381116928,
SFT:,355.664,-0.34906585039061155,355.9,-98.78563566286475,355.664,98.43656981247413,
SFT:,356.222,0,356.456,-99.48376736368552,356.222,99.48376736368552,
SFT:,356.784,0,356.635,-99.13470151327512,356.784,99.13470151327512,
SFT:,357.342,0.3490658504104549,357.183,-99.4837673636656,357.342,99.83283321407606,
SFT:,357.911,0,357.735,-99.48376736368552,357.911,99.48376736368552,
SFT:,358.472,0.3490658504104549,358.299,-99.4837673636656,358.472,99.83283321407606,
SFT:,358.846,0.34906585039061155,358.861,-99.83283321407599,358.846,100.1818990644666,
SFT:,359.406,0.6981317008010653,359.416,-99.48376736368552,359.406,100.18189906448659,
------,

